Vehicle_ID,Image_ID,Vehicle_Number,Class_ID,Vehicle_Class,Difficulty,Ground_Truth_Heading_deg,Ground_Truth_Orientation_deg,PCA_Estimated_Orientation_deg,PCA_Angular_Error_deg,Hough_Estimated_Orientation_deg,Hough_Angular_Error_deg,Contour_Estimated_Orientation_deg,Contour_Angular_Error_deg
KNyT_zacV_LpYg_vehicle_1,KNyT_zacV_LpYg,1,5,MotorCycle,0,283.2,76.8,72.51,4.29,82.44,5.64,86.31,9.51
IwEd_XCYw_iwrB_vehicle_1,IwEd_XCYw_iwrB,1,0,Auto3WCargo,0,214.74,34.74,5.61,29.13,54.72,19.98,0.0,34.74
C2g2_vYbb_ihYH_vehicle_1,C2g2_vYbb_ihYH,1,7,SUV,0,239.58,59.58,50.14,9.44,69.57,9.99,52.43,7.15
gqbe_NCQI_MTLw_vehicle_1,gqbe_NCQI_MTLw,1,7,SUV,0,171.34,8.66,0.84,7.82,10.04,1.38,0.0,8.66
boDi_WlMN_s88Y_vehicle_1,boDi_WlMN_s88Y,1,9,Tanker,0,97.0,83.0,83.19,0.19,86.27,3.27,90.0,7.0
LGTf_z88f_Jed0_vehicle_1,LGTf_z88f_Jed0,1,6,PickUp,0,274.0,86.0,77.66,8.34,89.3,3.3,87.98,1.98
uA1s_XvSp_gY2b_vehicle_1,uA1s_XvSp_gY2b,1,5,MotorCycle,0,6.0,6.0,2.18,3.82,1.88,4.12,0.0,6.0
WB91_YzXz_82r4_vehicle_1,WB91_YzXz_82r4,1,3,Container,0,1.0,1.0,43.07,42.07,,,43.36,42.36
tc9H_Ng2A_DWcC_vehicle_1,tc9H_Ng2A_DWcC,1,2,Bus,0,86.0,86.0,33.29,52.71,85.54,0.46,40.82,45.18
oWs1_ZpmL_rbSk_vehicle_1,oWs1_ZpmL_rbSk,1,5,MotorCycle,0,80.16,80.16,75.52,4.64,78.2,1.96,73.61,6.55
nIod_ClV1_IMKE_vehicle_1,nIod_ClV1_IMKE,1,8,Sedan,0,180.0,0.0,25.92,25.92,0.49,0.49,6.71,6.71
ON14_goh0_iF0V_vehicle_1,ON14_goh0_iF0V,1,7,SUV,0,183.74,3.74,5.45,1.71,49.28,45.54,0.0,3.74
e8Ja_WJbH_Hedr_vehicle_1,e8Ja_WJbH_Hedr,1,1,AutoRicksaw,0,32.96,32.96,39.69,6.73,46.9,13.94,32.94,0.02
Bom3_kxhC_lAe3_vehicle_1,Bom3_kxhC_lAe3,1,7,SUV,0,1.32,1.32,4.64,3.32,5.85,4.53,0.0,1.32
irdD_ykFu_aCtu_vehicle_1,irdD_ykFu_aCtu,1,5,MotorCycle,0,173.34,6.66,0.53,6.13,0.52,6.14,0.0,6.66
6TWc_P2qX_R4VI_vehicle_1,6TWc_P2qX_R4VI,1,5,MotorCycle,0,357.7,2.3,4.68,2.38,4.9,2.6,0.0,2.3
RXzz_utpH_j6LU_vehicle_1,RXzz_utpH_j6LU,1,6,PickUp,0,156.08,23.92,7.95,15.97,89.19,65.27,17.15,6.77
nnOQ_5C6s_y5jd_vehicle_1,nnOQ_5C6s_y5jd,1,7,SUV,0,1.04,1.04,2.76,1.72,14.69,13.65,0.0,1.04
hOrt_oWwk_4N5k_vehicle_1,hOrt_oWwk_4N5k,1,7,SUV,0,179.42,0.58,1.37,0.79,2.81,2.23,5.38,4.8
dH2R_2Thg_72eh_vehicle_1,dH2R_2Thg_72eh,1,7,SUV,0,180.0,0.0,10.48,10.48,79.96,79.96,9.66,9.66
McY4_xL3v_IDUJ_vehicle_1,McY4_xL3v_IDUJ,1,6,PickUp,0,358.24,1.76,10.31,8.55,14.58,12.82,6.93,5.17
8ZqJ_EIVW_SXhl_vehicle_1,8ZqJ_EIVW_SXhl,1,8,Sedan,0,176.96,3.04,9.64,6.6,18.39,15.35,7.18,4.14
Wp9e_UqVg_H5Is_vehicle_1,Wp9e_UqVg_H5Is,1,5,MotorCycle,0,355.54,4.46,0.12,4.34,8.65,4.19,0.0,4.46
Kg67_1U8u_Rx2q_vehicle_1,Kg67_1U8u_Rx2q,1,5,MotorCycle,0,330.62,29.38,86.36,56.98,,,66.04,36.66
xzvn_hIou_6xxL_vehicle_1,xzvn_hIou_6xxL,1,5,MotorCycle,0,285.48,74.52,78.56,4.04,73.23,1.29,88.75,14.23
djsg_d95P_P2bG_vehicle_1,djsg_d95P_P2bG,1,5,MotorCycle,0,174.56,5.44,1.4,4.04,2.75,2.69,0.0,5.44
K8fi_E7BV_E33r_vehicle_1,K8fi_E7BV_E33r,1,5,MotorCycle,0,115.18,64.82,53.48,11.34,83.17,18.35,38.25,26.57
OTAe_cdb1_0XqF_vehicle_1,OTAe_cdb1_0XqF,1,7,SUV,0,223.8,43.8,50.34,6.54,45.28,1.48,44.42,0.62
uNXO_Lo8b_u7zl_vehicle_1,uNXO_Lo8b_u7zl,1,7,SUV,0,0.0,0.0,1.57,1.57,3.22,3.22,1.91,1.91
sEEm_KbEu_D5wV_vehicle_1,sEEm_KbEu_D5wV,1,5,MotorCycle,0,181.24,1.24,3.92,2.68,0.52,0.72,4.09,2.85
OhoE_50Tn_Qewz_vehicle_1,OhoE_50Tn_Qewz,1,5,MotorCycle,0,173.1,6.9,3.73,3.17,4.11,2.79,5.27,1.63
tCXh_2Clu_qWgq_vehicle_1,tCXh_2Clu_qWgq,1,12,Truck,0,360.0,0.0,5.2,5.2,2.29,2.29,0.0,0.0
PjJB_b1vq_Vxav_vehicle_1,PjJB_b1vq_Vxav,1,7,SUV,0,170.64,9.36,6.57,2.79,8.1,1.26,6.79,2.57
dDHH_wv1m_jsew_vehicle_1,dDHH_wv1m_jsew,1,7,SUV,0,175.88,4.12,82.03,77.91,5.94,1.82,90.0,85.88
hn8n_2cU8_01No_vehicle_1,hn8n_2cU8_01No,1,8,Sedan,0,78.58,78.58,5.68,72.9,77.19,1.39,7.13,71.45
Df3T_rTNG_KSCM_vehicle_1,Df3T_rTNG_KSCM,1,5,MotorCycle,0,173.64,6.36,11.97,5.61,2.08,4.28,11.17,4.81
8eh6_NPoT_oEl1_vehicle_1,8eh6_NPoT_oEl1,1,5,MotorCycle,0,41.64,41.64,52.26,10.62,50.91,9.27,71.0,29.36
wCMG_jF1J_4TOQ_vehicle_1,wCMG_jF1J_4TOQ,1,0,Auto3WCargo,0,254.78,74.78,74.05,0.73,89.06,14.28,70.35,4.43
jlWW_Ztu4_0drW_vehicle_1,jlWW_Ztu4_0drW,1,1,AutoRicksaw,0,21.68,21.68,25.22,3.54,85.17,63.49,12.34,9.34
3LzM_y7ht_SdIz_vehicle_1,3LzM_y7ht_SdIz,1,7,SUV,0,24.9,24.9,23.87,1.03,27.46,2.56,32.76,7.86
MOL9_poaA_17Ap_vehicle_1,MOL9_poaA_17Ap,1,8,Sedan,0,180.0,0.0,27.38,27.38,3.8,3.8,6.34,6.34
NwkF_XA53_2yXy_vehicle_1,NwkF_XA53_2yXy,1,1,AutoRicksaw,0,357.7,2.3,6.3,4.0,3.77,1.47,0.0,2.3
6fBl_Ztbw_EnVh_vehicle_1,6fBl_Ztbw_EnVh,1,7,SUV,0,60.08,60.08,60.22,0.14,53.73,6.35,64.92,4.84
G36w_936H_wBh0_vehicle_1,G36w_936H_wBh0,1,7,SUV,0,168.38,11.62,10.61,1.01,45.02,33.4,0.0,11.62
BAxS_G7XM_lu5T_vehicle_1,BAxS_G7XM_lu5T,1,8,Sedan,0,177.58,2.42,30.42,28.0,9.86,7.44,37.26,34.84
rBtJ_I1Uw_lC8U_vehicle_1,rBtJ_I1Uw_lC8U,1,5,MotorCycle,0,308.9,51.1,51.58,0.48,51.32,0.22,59.86,8.76
3J2E_oL5U_TE2G_vehicle_1,3J2E_oL5U_TE2G,1,7,SUV,0,4.66,4.66,3.6,1.06,0.41,4.25,0.0,4.66
LQKr_rvnD_oaek_vehicle_1,LQKr_rvnD_oaek,1,7,SUV,0,60.08,60.08,60.5,0.42,58.83,1.25,62.62,2.54
qWs1_rR7s_qewk_vehicle_1,qWs1_rR7s_qewk,1,5,MotorCycle,0,182.9,2.9,4.25,1.35,4.87,1.97,0.0,2.9
y0bo_oHBY_y2mz_vehicle_1,y0bo_oHBY_y2mz,1,3,Container,0,6.0,6.0,40.67,34.67,83.16,77.16,40.1,34.1
6JBU_iCb9_Lszd_vehicle_1,6JBU_iCb9_Lszd,1,12,Truck,0,191.0,11.0,3.98,7.02,13.99,2.99,0.0,11.0
xqcd_XrBY_xvxc_vehicle_1,xqcd_XrBY_xvxc,1,7,SUV,0,360.0,0.0,7.69,7.69,4.82,4.82,8.13,8.13
GgeL_lRkt_HpI7_vehicle_1,GgeL_lRkt_HpI7,1,12,Truck,0,360.0,0.0,5.31,5.31,61.81,61.81,5.33,5.33
JZv9_oigt_YMRX_vehicle_1,JZv9_oigt_YMRX,1,1,AutoRicksaw,0,180.0,0.0,12.01,12.01,10.83,10.83,0.0,0.0
z9h1_SyhG_WssL_vehicle_1,z9h1_SyhG_WssL,1,12,Truck,0,269.0,89.0,83.94,5.06,84.07,4.93,84.17,4.83
I7si_lx5W_O2DS_vehicle_1,I7si_lx5W_O2DS,1,6,PickUp,0,268.0,88.0,85.93,2.07,89.48,1.48,89.53,1.53
GCwW_rFZ7_KiPJ_vehicle_1,GCwW_rFZ7_KiPJ,1,11,Trailer,0,317.0,43.0,41.88,1.12,35.7,7.3,43.82,0.82
oTfS_WAxB_x73N_vehicle_1,oTfS_WAxB_x73N,1,5,MotorCycle,0,154.26,25.74,43.8,18.06,38.23,12.49,59.74,34.0
Ozpo_Q782_09Gy_vehicle_1,Ozpo_Q782_09Gy,1,7,SUV,0,189.46,9.46,4.95,4.51,27.35,17.89,2.75,6.71
SR9o_F2yn_nN3o_vehicle_1,SR9o_F2yn_nN3o,1,5,MotorCycle,0,8.46,8.46,6.02,2.44,2.07,6.39,0.0,8.46
oFvW_F7MA_jcZE_vehicle_1,oFvW_F7MA_jcZE,1,7,SUV,0,196.26,16.26,44.45,28.19,17.51,1.25,43.88,27.62
ZKIx_Msfo_O7V9_vehicle_1,ZKIx_Msfo_O7V9,1,7,SUV,0,356.78,3.22,5.44,2.22,56.5,53.28,9.46,6.24
sMTe_9Rer_l1U3_vehicle_1,sMTe_9Rer_l1U3,1,1,AutoRicksaw,0,178.32,1.68,2.83,1.15,3.45,1.77,0.0,1.68
cJRl_mjsU_Z6FP_vehicle_1,cJRl_mjsU_Z6FP,1,7,SUV,0,0.0,0.0,5.87,5.87,6.36,6.36,0.0,0.0
onQ3_Jqgh_vYvF_vehicle_1,onQ3_Jqgh_vYvF,1,1,AutoRicksaw,0,276.0,84.0,87.7,3.7,81.16,2.84,87.82,3.82
4AYY_W6bt_vwi6_vehicle_1,4AYY_W6bt_vwi6,1,1,AutoRicksaw,0,180.0,0.0,20.51,20.51,12.1,12.1,35.27,35.27
9SAd_tJKX_KWb9_vehicle_1,9SAd_tJKX_KWb9,1,7,SUV,0,184.66,4.66,4.79,0.13,1.52,3.14,2.49,2.17
bPAX_pfyN_jevf_vehicle_1,bPAX_pfyN_jevf,1,5,MotorCycle,0,177.38,2.62,4.81,2.19,0.08,2.54,0.0,2.62
HLsx_XKFI_4Azz_vehicle_1,HLsx_XKFI_4Azz,1,7,SUV,0,178.76,1.24,9.89,8.65,3.55,2.31,4.21,2.97
5QtK_2GHz_wRDq_vehicle_1,5QtK_2GHz_wRDq,1,7,SUV,0,11.0,11.0,19.42,8.42,2.32,8.68,3.58,7.42
lPCV_CAG5_X9at_vehicle_2,lPCV_CAG5_X9at,2,12,Truck,0,160.0,20.0,2.33,17.67,4.51,15.49,9.21,10.79
00XD_3rEO_4KVW_vehicle_1,00XD_3rEO_4KVW,1,7,SUV,0,49.0,49.0,54.61,5.61,52.86,3.86,56.71,7.71
hwun_OlDq_ey5G_vehicle_1,hwun_OlDq_ey5G,1,0,Auto3WCargo,0,270.0,90.0,85.85,4.15,8.51,81.49,88.94,1.06
PmvM_uL7n_KIk1_vehicle_1,PmvM_uL7n_KIk1,1,8,Sedan,0,359.06,0.94,1.09,0.15,20.8,19.86,0.0,0.94
wmtT_f6a4_vb0t_vehicle_1,wmtT_f6a4_vb0t,1,7,SUV,0,171.08,8.92,18.24,9.32,88.31,79.39,17.74,8.82
UejR_B3so_pdhs_vehicle_1,UejR_B3so_pdhs,1,7,SUV,0,172.54,7.46,19.03,11.57,8.4,0.94,11.31,3.85
oGIW_Bh90_2vh1_vehicle_1,oGIW_Bh90_2vh1,1,5,MotorCycle,0,171.74,8.26,0.63,7.63,11.99,3.73,0.0,8.26
yR23_N8gG_9EcG_vehicle_1,yR23_N8gG_9EcG,1,5,MotorCycle,0,180.0,0.0,2.94,2.94,1.28,1.28,0.0,0.0
zarI_WVuj_0DCc_vehicle_1,zarI_WVuj_0DCc,1,3,Container,0,6.0,6.0,49.61,43.61,27.1,21.1,0.0,6.0
nk9h_vAXM_86o7_vehicle_1,nk9h_vAXM_86o7,1,5,MotorCycle,0,355.54,4.46,13.06,8.6,2.94,1.52,28.61,24.15
PiNK_43IC_DtXA_vehicle_1,PiNK_43IC_DtXA,1,5,MotorCycle,0,326.74,33.26,18.89,14.37,31.29,1.97,40.91,7.65
fhXz_KKgf_zjEr_vehicle_1,fhXz_KKgf_zjEr,1,5,MotorCycle,0,0.0,0.0,6.5,6.5,9.93,9.93,0.0,0.0
TJXp_GI8z_vafn_vehicle_1,TJXp_GI8z_vafn,1,5,MotorCycle,0,180.0,0.0,1.17,1.17,2.51,2.51,0.0,0.0
5N3r_jiDF_1pzt_vehicle_1,5N3r_jiDF_1pzt,1,7,SUV,0,175.14,4.86,6.86,2.0,5.96,1.1,4.33,0.53
cLEH_vQvJ_zAUO_vehicle_1,cLEH_vQvJ_zAUO,1,11,Trailer,0,359.0,1.0,82.71,81.71,83.39,82.39,90.0,89.0
RyLX_MUlD_U7tv_vehicle_1,RyLX_MUlD_U7tv,1,7,SUV,0,187.66,7.66,5.61,2.05,24.82,17.16,0.0,7.66
og2r_2VVe_jASo_vehicle_1,og2r_2VVe_jASo,1,5,MotorCycle,0,79.14,79.14,82.94,3.8,78.65,0.49,78.44,0.7
uKNC_Y7V6_crcn_vehicle_1,uKNC_Y7V6_crcn,1,1,AutoRicksaw,0,180.0,0.0,8.26,8.26,5.31,5.31,13.92,13.92
Uky3_CS91_Wktl_vehicle_1,Uky3_CS91_Wktl,1,7,SUV,0,178.8,1.2,1.22,0.02,1.64,0.44,0.0,1.2
bizk_fSvT_JSsM_vehicle_1,bizk_fSvT_JSsM,1,5,MotorCycle,0,178.84,1.16,14.27,13.11,11.06,9.9,12.99,11.83
Yfx3_zEFB_Ld6Y_vehicle_1,Yfx3_zEFB_Ld6Y,1,7,SUV,0,350.48,9.52,7.04,2.48,16.46,6.94,0.0,9.52
ZP0G_Grzn_jPh0_vehicle_1,ZP0G_Grzn_jPh0,1,8,Sedan,0,281.16,78.84,74.95,3.89,77.94,0.9,76.53,2.31
2h07_apct_WjnB_vehicle_1,2h07_apct_WjnB,1,7,SUV,0,168.38,11.62,7.7,3.92,31.07,19.45,0.0,11.62
OyGP_UjOQ_hJIP_vehicle_1,OyGP_UjOQ_hJIP,1,2,Bus,0,86.0,86.0,87.92,1.92,87.01,1.01,82.82,3.18
2GuW_AKSD_y8m2_vehicle_1,2GuW_AKSD_y8m2,1,5,MotorCycle,0,182.36,2.36,2.2,0.16,6.53,4.17,0.0,2.36
mCA9_HWns_Z2vx_vehicle_1,mCA9_HWns_Z2vx,1,5,MotorCycle,0,352.46,7.54,11.72,4.18,9.74,2.2,8.88,1.34
ujAh_YrF6_ZxDC_vehicle_1,ujAh_YrF6_ZxDC,1,5,MotorCycle,0,22.86,22.86,30.34,7.48,29.27,6.41,57.34,34.48
snm2_JSHC_Pqwn_vehicle_1,snm2_JSHC_Pqwn,1,11,Trailer,0,317.0,43.0,47.07,4.07,34.09,8.91,43.81,0.81
qfLL_ZpzB_kbJe_vehicle_1,qfLL_ZpzB_kbJe,1,7,SUV,0,36.5,36.5,18.29,18.21,37.62,1.12,37.87,1.37
aS9n_AMPa_X7Go_vehicle_1,aS9n_AMPa_X7Go,1,7,SUV,0,185.52,5.52,16.64,11.12,5.61,0.09,16.53,11.01
